# SPA fallback for all routes
/* /index.html 200

# Redirect old .html extensions to clean URLs
/services.html /services 301!
/gallery.html /gallery 301!
/contact.html /contact 301!
/blog.html /blog 301!
/faq.html /faq 301!
/about.html /about 301!

# Redirect old location page URL to new SEO-optimized URL
/permanent-makeup-annandale-va /licensed-pmu-artist-annandale 301!

# Force HTTPS
http://inkmugi.com/* https://www.inkmugi.com/:splat 301!
http://www.inkmugi.com/* https://www.inkmugi.com/:splat 301!

# Redirect non-www to www
https://inkmugi.com/* https://www.inkmugi.com/:splat 301!
